年份,年水处理量_m3,年光伏发电量_kWh,年减排量_tCO2
2024,126832995.63504001,1124887.0,46.120367
